{"Zipcode":{"AL":19321,"AR":10935,"AZ":56486,"CA":795469,"CO":25340,"CT":29762,"DC":9133,"DE":4842,"FL":400926,"GA":40086,"IA":9607,"ID":8544,"IL":47105,"IN":20850,"KS":9033,"KY":6638,"LA":47224,"MA":6392,"MD":64873,"ME":2185,"MI":43843,"MN":97165,"MO":29633,"MS":5317,"MT":15964,"NC":91361,"ND":2258,"NE":3320,"NH":3863,"NJ":52900,"NM":2370,"NV":6197,"NY":108047,"OH":24407,"OK":8806,"OR":126297,"PA":99975,"RI":4451,"SC":89216,"SD":201,"TN":52613,"TX":149037,"UT":49080,"VA":113531,"VT":365,"WA":32541,"WI":7892,"WV":7632,"WY":990},"Severity":{"AL":2.1283511024,"AR":2.2562414266,"AZ":2.069552598,"CA":2.0419981706,"CO":2.662273086,"CT":2.2650359519,"DC":2.1909558743,"DE":2.5022717885,"FL":2.0693593231,"GA":2.519533004,"IA":2.356719059,"ID":2.1182116105,"IL":2.5488801613,"IN":2.4615347722,"KS":2.2199712167,"KY":2.3457366677,"LA":2.0543064024,"MA":2.3617021277,"MD":2.3117922716,"ME":2.1039671683,"MI":2.3359943435,"MN":2.0470854556,"MO":2.2465832012,"MS":2.1992481203,"MT":2.0373966424,"NC":2.118364309,"ND":2.0119574845,"NE":2.3159638554,"NH":2.1272633213,"NJ":2.2413897395,"NM":2.3772151899,"NV":2.2260771341,"NY":2.2161982064,"OH":2.4866237863,"OK":2.1911196911,"OR":2.0737052897,"PA":2.2034408602,"RI":2.1556953494,"SC":2.0502264168,"SD":2.4676616915,"TN":2.0812536825,"TX":2.1849406523,"UT":2.0728965503,"VA":2.1766503721,"VT":2.397260274,"WA":2.3050623579,"WI":2.8352330294,"WV":2.185927673,"WY":2.5717171717}}